{"train_cost": [1.3505193065404892, 1.1464281771779061, 0.97570291370153428, 0.96283860671520238, 0.86131685990095141, 0.75341785946488382, 0.78395546153187756, 0.66498041820526121, 0.61523164728283886, 0.61770524512231351, 0.58272463282942777, 0.5650197897404432, 0.54811281307041648, 0.55227402164041994, 0.51688247755169869, 0.47061198166012763, 0.45482066690921785, 0.46413141673803332, 0.4601841794103384, 0.46809367303550242, 0.461357615172863, 0.41784974145889281, 0.40393987149000166, 0.41110429945588112, 0.38728556650877, 0.38769477550685405, 0.38881156347692014, 0.38435132560133933, 0.39228299438953401, 0.36582192407548425, 0.35346768964827063, 0.34893101420998573, 0.34500059227645397, 0.33872065941244361, 0.35318665311485531, 0.32224553593248129, 0.34174570166319607, 0.32351643913239242, 0.35535141181945801, 0.35815777885913846, 0.32030137948691845, 0.31313547465205194, 0.29818238227069377, 0.30506822326779365, 0.29923296596854926, 0.30569191314280031, 0.30481999556720257, 0.29791090493649242, 0.31665742468088864, 0.29874110901355744, 0.32920286440104246, 0.31471408646926285, 0.26798594780266283, 0.2864407093897462, 0.30726286141574383, 0.27507608114182946, 0.26295014045387505, 0.26025825785845519, 0.26301186999678611, 0.28848974695801732, 0.24656251707673074, 0.26818938047438862, 0.29513431993126871, 0.26360051099210979, 0.2579563540890813, 0.26184066496789454, 0.27518881531804801, 0.26191344567388297, 0.30019404610991479, 0.24711191657930612, 0.24457843515649438, 0.2805285002216697, 0.2580539910979569, 0.29132686083763837, 0.25036518496647475, 0.26513678831607101, 0.2503756942860782, 0.25726783717423679, 0.23852885012328626, 0.26838455905020236, 0.2693816851824522, 0.24759222143888474, 0.26067843635752797, 0.22952304304391147, 0.24688552971929312, 0.23133006435632705, 0.23655624685063958, 0.25307280562818052, 0.25118253789842127, 0.23436495181545616, 0.25132127689570188, 0.24556030454486608, 0.24590750300511718, 0.26200949316471817, 0.25763621402159331, 0.23056081653386354, 0.24001104947924615, 0.23643118270114064, 0.23797182760015129, 0.27762544438987968], "test_acc": [0.52309998780488964, 0.59049997970461843, 0.64869998157024389, 0.6468999823927879, 0.68649998351931574, 0.71079998195171357, 0.70559998124837875, 0.73199998408555988, 0.74849998742341994, 0.73929998487234116, 0.75039998382329942, 0.75909998655319211, 0.76029998302459711, 0.75479998260736469, 0.76199998378753664, 0.77329998284578327, 0.78279998511075977, 0.77529998213052753, 0.76859998375177385, 0.77229998260736465, 0.77489998579025265, 0.77849998384714125, 0.78599998384714131, 0.7854999861121178, 0.78529998093843456, 0.78229998618364338, 0.78319998323917384, 0.79119998484849929, 0.77689998090267176, 0.78469998478889469, 0.79199998319149012, 0.79199998110532766, 0.79209998250007629, 0.79479998618364334, 0.78549998283386235, 0.79539998412132262, 0.79449998795986176, 0.79319998294115068, 0.79149998545646671, 0.77869998186826705, 0.79609998732805254, 0.79729998469352725, 0.8042999887466431, 0.79599998712539677, 0.79579998493194581, 0.79999998420476914, 0.80099998652935023, 0.80619998574256901, 0.79889998346567159, 0.7982999855279922, 0.79449998795986176, 0.79349998682737355, 0.80349998444318771, 0.79679998487234116, 0.79939998358488085, 0.8047999846935272, 0.80259998530149457, 0.80189998686313624, 0.80559998393058774, 0.79709998458623887, 0.80629998385906221, 0.80009998410940175, 0.79719998627901079, 0.80609998583793641, 0.80069998264312747, 0.79999998331069944, 0.79729998677968983, 0.80609998732805255, 0.79629998415708547, 0.80289998531341555, 0.81159998238086706, 0.7984999844431877, 0.81019998192787168, 0.8040999841690063, 0.81109998822212215, 0.79899998366832736, 0.80889998376369476, 0.81199998676776886, 0.80839998781681066, 0.80379998713731771, 0.80299998104572301, 0.80639998644590383, 0.80399998724460597, 0.81449998676776891, 0.80769998550415034, 0.80659998863935467, 0.80779998630285266, 0.8017999854683876, 0.80339998602867124, 0.80719998091459277, 0.80599998444318777, 0.80799998432397846, 0.80479998528957364, 0.80509998559951779, 0.80569998443126678, 0.80439998656511302, 0.80719998121261594, 0.80579998254775997, 0.80229998111724854, 0.79859998434782031], "train_accuracy": [0.5168399833440781, 0.59057998335361483, 0.65423998302221298, 0.65581998461484914, 0.70053998357057568, 0.73649998420476914, 0.727239984869957, 0.77337998545169828, 0.79209998500347134, 0.78231998276710513, 0.80395998483896258, 0.80503998607397076, 0.81547998601198202, 0.80949998605251317, 0.82079998642206187, 0.83767998743057248, 0.84729998850822452, 0.84605999034643176, 0.84137998825311666, 0.84051998907327652, 0.84351998841762543, 0.85373998934030537, 0.86287999093532564, 0.86137999099493023, 0.86631999236345292, 0.86929999166727068, 0.8671399931907654, 0.8664199911355972, 0.86551999175548555, 0.87247999209165572, 0.88239999341964725, 0.88189999336004254, 0.88211999362707139, 0.88713999480009076, 0.87689999347925185, 0.88985999476909639, 0.88487999212741852, 0.88777999556064602, 0.88117999273538594, 0.8768599934577942, 0.8928599941134453, 0.89363999629020696, 0.89933999580144885, 0.89611999678611753, 0.89539999645948409, 0.89911999607086179, 0.89471999478340147, 0.89695999532938009, 0.89239999538660053, 0.89775999683141705, 0.88835999417304989, 0.89361999517679214, 0.90961999869346621, 0.90441999572515486, 0.89661999475955967, 0.90785999745130541, 0.91155999988317493, 0.90979999774694442, 0.91241999739408497, 0.90321999847888945, 0.91533999824523926, 0.91117999988794329, 0.90273999619483947, 0.91089999735355376, 0.91437999945878978, 0.91209999924898144, 0.90663999611139301, 0.91335999780893329, 0.89895999681949612, 0.91587999850511548, 0.9150399978160858, 0.90507999700307851, 0.91459999901056288, 0.90191999781131749, 0.91719999724626544, 0.9100599985718727, 0.91477999919652941, 0.91141999763250348, 0.91871999889612199, 0.90909999680519105, 0.91109999787807461, 0.91935999757051468, 0.91207999819517138, 0.92275999891757965, 0.91655999892950057, 0.92282000041007994, 0.92058000022172926, 0.91463999783992767, 0.91553999871015546, 0.92159999972581863, 0.9173599971532822, 0.91907999742031099, 0.9153599988222122, 0.91149999898672107, 0.91367999905347819, 0.92237999993562703, 0.91921999967098234, 0.92104000037908551, 0.9198599972128868, 0.90923999708890912],