{"train_cost": [1.606018982410431, 1.2835080884695054, 1.1862871965169908, 1.0425299975275992, 0.93110232239961621, 0.93489884269237522, 0.84234197762608531, 0.74100324323773381, 0.71606302282214163, 0.73321316596865649, 0.68189086034893986, 0.68679913640022283, 0.66533019962906836, 0.5903790649324655, 0.58290001490712162, 0.55867874486744407, 0.55219407728314396, 0.5597961452007294, 0.52717223162949089, 0.55741928791999817, 0.51012311570346358, 0.58969045239686968, 0.5335652920305729, 0.47961955857276917, 0.49329965257644653, 0.47976413594186307, 0.46412523159384728, 0.4599718343615532, 0.44419922287762165, 0.42716605372726918, 0.45558721558749676, 0.43866362667083741, 0.4211488670632243, 0.41143925155699251, 0.42208989207446573, 0.42298402461409568, 0.39332574430108069, 0.40494846829771997, 0.39985837922990319, 0.40999175612628458, 0.40611351854354144, 0.39881836849451063, 0.4463292725086212, 0.40878184626996517, 0.38768768920004371, 0.37639494643360377, 0.38762016911804675, 0.37598591255396607, 0.40125623439252378, 0.40719742918014529, 0.40659820859879253, 0.3747716935425997, 0.39403094027936458, 0.34317466836422683, 0.37852885620296001, 0.37340882786363361, 0.33529071512073277, 0.37626132966578008, 0.37859112933278083, 0.37627598129212858, 0.3660342934653163, 0.36693297766149047, 0.35234928080439565, 0.3781615701317787, 0.37256891097873451, 0.3728871149122715, 0.35279603902250528, 0.34261861682683231, 0.36901007878035308, 0.38218581192195417, 0.34609249217063187, 0.34521934095770118, 0.34572425186634065, 0.35197216102480888, 0.34994068358838559, 0.34114902339130643, 0.40987009897828103, 0.36896582458913324, 0.33469348149746658, 0.33444833033531907, 0.34472007121890785, 0.35460305628180505, 0.32949584075063465, 0.35238949350267651, 0.35126596935838461, 0.35527885323017838, 0.34112947147339584, 0.35028728468716147, 0.38746247120201588, 0.33977847857028248, 0.3168372293561697, 0.36320028448104857, 0.32901812635362149, 0.32742077372968198, 0.34348954366147516, 0.35277807634323838, 0.34921779560297728, 0.38267112830281258, 0.36132653198391201, 0.40124523188173772], "test_acc": [0.43699998408555984, 0.54599998444318776, 0.58079998016357426, 0.62879998371005064, 0.65719998270273206, 0.65379998207092282, 0.69309998244047166, 0.71459998428821558, 0.724899982213974, 0.71569998323917394, 0.72839998483657842, 0.73439998418092722, 0.73579998344182973, 0.75089998245239253, 0.74679998278617854, 0.75789998292922978, 0.75779998660087589, 0.7601999813318252, 0.7668999850749969, 0.74799998670816426, 0.76359998583793642, 0.74639998555183407, 0.7604999858140945, 0.77709998279809955, 0.76779998391866688, 0.77409998357295995, 0.77579998016357421, 0.78039998650550846, 0.77739998906850816, 0.78549998372793195, 0.77279998719692233, 0.77839998513460162, 0.78569998383522033, 0.7844999828934669, 0.78309998840093609, 0.78109998553991322, 0.78869998693466181, 0.78569998383522033, 0.79229998677968982, 0.78479998379945759, 0.78839998543262479, 0.78589998155832286, 0.77559998482465742, 0.7871999824047089, 0.79069998383522033, 0.79389998972415921, 0.78109998345375065, 0.79539998412132262, 0.79149998247623443, 0.78599998295307161, 0.78059998542070386, 0.79189998447895049, 0.79249998837709423, 0.79579998403787611, 0.79659998595714565, 0.79229998290538783, 0.80119998663663861, 0.78799998521804815, 0.79629998296499249, 0.79299998462200161, 0.79119998514652257, 0.79819998502731326, 0.79799998700618746, 0.78979998588562017, 0.79439998745918272, 0.78269998520612716, 0.7961999866366386, 0.80229998648166656, 0.79249998301267621, 0.78919998615980147, 0.79569998562335964, 0.79779998511075978, 0.79529998570680616, 0.79259998559951783, 0.79399998188018794, 0.7962999838590622, 0.78109998404979708, 0.79289998531341555, 0.80349998414516444, 0.79609998703002927, 0.789999985396862, 0.79499998539686201, 0.79859998494386675, 0.79869998872280124, 0.79639998406171797, 0.79769998580217361, 0.79669998437166212, 0.79629998445510863, 0.7906999850273132, 0.80239998191595074, 0.80239998430013659, 0.79509998530149462, 0.79999998509883885, 0.79999998927116389, 0.79649998456239701, 0.79789998590946198, 0.79639998376369481, 0.79259998440742496, 0.79619998455047603, 0.78489998281002049], "train_accuracy": [0.42177998553216456, 0.54273998206853868, 0.57891998317837712, 0.63269998335838318, 0.6735599829852581, 0.66767998397350314, 0.70367998379468921, 0.73885998332500458, 0.75385998415946964, 0.74759998446702958, 0.76153998517990107, 0.76533998531103131, 0.77153998422622683, 0.79595998597145079, 0.79847998350858684, 0.8056399856209755, 0.80693998384475707, 0.80505998396873479, 0.81669998550415035, 0.80333998441696164, 0.82207998627424239, 0.79529998433589932, 0.81641998440027241, 0.8307999858856201, 0.82713998758792873, 0.83269998735189443, 0.83973998701572417, 0.8378999879956246, 0.84637998920679092, 0.85693999034166335, 0.84217998707294461, 0.84691998916864397, 0.8566399908065796, 0.85699998903274532, 0.8546399900317192, 0.85057999092340464, 0.86301999068260193, 0.86103999030590062, 0.86055999052524568, 0.85789999026060104, 0.85925998878479004, 0.8614799901843071, 0.84757998877763752, 0.85679999029636378, 0.86495998978614808, 0.8712799904942512, 0.86425999224185945, 0.86987999212741851, 0.8598599903583527, 0.8626799907684326, 0.86027999019622803, 0.8738599910140038, 0.86759999287128453, 0.88259999287128443, 0.87007999324798579, 0.87115999329090121, 0.88529999440908436, 0.87199999183416366, 0.86981999152898792, 0.8693199928998947, 0.87269999378919605, 0.86925999283790589, 0.88105999445915217, 0.87007999175786976, 0.87199999225139613, 0.87451999300718308, 0.87813999420404432, 0.88177999281883235, 0.87337999248504639, 0.87037999284267431, 0.88319999271631244, 0.88055999350547787, 0.88035999369621276, 0.8803999933600426, 0.87669999170303348, 0.88229999506473544, 0.85929998940229413, 0.87339999538660051, 0.88399999469518664, 0.88511999440193179, 0.88139999431371685, 0.87667999225854876, 0.88659999454021454, 0.88003999423980717, 0.87849999403953549, 0.87723999172449107, 0.8832399945259094, 0.88035999417304989, 0.86853999197483067, 0.88229999375343326, 0.89015999507904053, 0.87573999315500262, 0.89115999591350559, 0.88833999443054201, 0.88133999282121656, 0.87741999393701553, 0.87937999224662777, 0.86987999027967455, 0.87699999314546584, 0.8621399908661842],