{"train_cost": [1.6711095222234726, 1.4266215422153472, 1.2050667833089828, 1.0913770074248315, 1.0025083418488503, 0.91961970871686938, 0.85501878163218503, 0.85755875238776202, 0.80086194905638697, 0.78353619667887686, 0.72754418137669563, 0.73495567944645879, 0.69209229445457454, 0.66975964143872257, 0.66090673208236694, 0.65919721752405169, 0.61178436511754986, 0.61590052038431164, 0.61500322487950321, 0.55442344732582571, 0.58100180511176591, 0.57599487355351453, 0.55874919411540036, 0.56740565793216224, 0.54637868458032612, 0.5567894081771374, 0.53322577609121802, 0.54307374386489393, 0.52010913781821733, 0.52081219759583475, 0.54161639869213107, 0.50417613102495673, 0.50129590310156347, 0.5183127149939537, 0.49585796339809896, 0.53200432708859446, 0.49753567776083946, 0.49307764010131361, 0.50192600955069067, 0.52242756579816341, 0.48373260827362535, 0.49806000968813896, 0.49180267963558433, 0.48061514753103257, 0.49508247099816799, 0.46504106028378012, 0.46680921705067158, 0.47342973622679713, 0.44999784684181215, 0.46797408461570739, 0.45447626465559005, 0.47297530610859395, 0.47190890271961689, 0.46273392897844312, 0.46231402322649956, 0.47910037960112095, 0.4511525267958641, 0.47246341343224046, 0.45757030671834947, 0.43937510150671005, 0.47183793672919272, 0.46770425678789618, 0.45248600380122661, 0.43811142741143705, 0.42230008853971956, 0.4584882829487324, 0.45106678614020346, 0.44462194886803624, 0.43092075212299824, 0.4756366414129734, 0.43281775735318662, 0.49387410113215446, 0.42724840168654921, 0.44020665778219698, 0.40559466037154196, 0.41895960709452629, 0.4626851836144924, 0.44213052043318746, 0.45299238815903664, 0.44936841402202843, 0.43335176214575766, 0.41361436174809935, 0.44634765037894247, 0.40203416262567043, 0.42392551089823244, 0.43534667448699477, 0.3822378871887922, 0.43847108967602255, 0.43842384173721077, 0.39394115897268056, 0.41068119367957118, 0.45438115681707858, 0.4653938229382038, 0.43118933520466091, 0.42025621938705443, 0.38440349502861498, 0.4052783905342221, 0.42557484014332292, 0.39528106565028431, 0.39918186853826049], "test_acc": [0.40599998481571675, 0.49539998322725298, 0.57209998294711117, 0.60199998304247859, 0.64169998571276665, 0.66179998204112056, 0.68649998307228088, 0.68229998201131825, 0.69829998493194578, 0.70319998413324358, 0.71879998207092288, 0.72019998580217359, 0.72449998229742052, 0.72769998401403424, 0.73949998497962954, 0.73669998198747633, 0.74519998103380203, 0.74659998655319215, 0.74489998653531075, 0.75599998474121088, 0.75769998580217357, 0.75509998559951785, 0.75299998521804812, 0.75429998606443405, 0.7546999862790108, 0.75659998536109929, 0.76409998357295994, 0.76369998544454576, 0.76979998528957372, 0.76229998171329494, 0.76419998556375501, 0.77309998691082005, 0.76759998530149465, 0.76429998368024821, 0.77169998466968537, 0.76769998133182527, 0.77599998265504833, 0.77489998638629909, 0.76669998347759249, 0.76399998158216476, 0.77319998711347582, 0.77359998494386673, 0.77399998486042021, 0.77979998290538788, 0.76989998668432236, 0.78019998311996464, 0.78009998202323916, 0.77529998064041139, 0.78489998489618307, 0.78159998387098317, 0.78469998478889469, 0.77919998407363888, 0.7800999835133553, 0.78329998761415487, 0.78299998551607131, 0.77449998527765274, 0.7836999851465225, 0.77999998509883883, 0.78469998359680171, 0.78769998461008073, 0.77779998391866689, 0.78319998711347583, 0.78489998459815979, 0.78499998480081556, 0.78979998409748076, 0.78159998446702961, 0.77749998569488521, 0.78679998546838759, 0.78799998641014102, 0.77669998407363894, 0.78489998400211336, 0.77769998520612715, 0.78709998816251758, 0.78159998267889019, 0.79229998171329497, 0.79339998781681065, 0.77999998539686199, 0.78569998264312746, 0.78389998406171801, 0.78399998337030408, 0.78479998588562017, 0.78689998537302019, 0.78999998629093171, 0.7913999837636948, 0.78979998379945759, 0.78739998698234559, 0.79949998378753662, 0.78139998704195024, 0.78419998615980147, 0.79379998773336413, 0.7899999836087227, 0.78489998310804365, 0.77619998216629027, 0.78479998201131818, 0.78559998571872713, 0.79189998805522921, 0.79139998614788054, 0.77769998341798785, 0.79309998452663422, 0.79329998612403874], "train_accuracy": [0.39207998678088191, 0.48275998437404632, 0.56759998288750646, 0.61365998223423956, 0.64745998409390448, 0.67561998191475869, 0.70003998333215711, 0.69759998288750646, 0.72183998489379886, 0.72355998408794409, 0.74357998293638228, 0.74537998372316361, 0.75505998438596722, 0.76303998506069182, 0.77141998386383059, 0.77175998479127883, 0.78489998614788059, 0.78293998360633854, 0.78693998491764072, 0.80735998493433003, 0.7991799840927124, 0.80175998675823212, 0.80395998626947407, 0.80149998545646672, 0.80839998614788056, 0.80903998565673829, 0.81469998645782471, 0.81155998557806019, 0.81757998502254481, 0.81673998653888702, 0.80979998493194583, 0.8257399869561195, 0.82593998748064046, 0.81985998523235326, 0.8254399864673615, 0.81615998548269275, 0.82689998573064805, 0.82871998840570449, 0.82455998766422267, 0.81687998533248907, 0.83053998726606371, 0.82737998634576793, 0.82831998723745348, 0.83293998694419857, 0.82931998568773269, 0.83781998687982562, 0.83691998606920237, 0.83789998757839201, 0.84185998743772505, 0.83703998839855198, 0.84335998588800432, 0.83253998827934261, 0.83601998740434647, 0.84135998928546907, 0.83913998758792874, 0.83585998713970189, 0.84401998770236975, 0.83715998613834386, 0.84137998658418656, 0.84757998758554454, 0.8346599876880646, 0.83825998771190646, 0.84327998805046078, 0.84493998771905898, 0.85395998942852025, 0.84331998723745349, 0.84203998702764515, 0.84639998763799662, 0.85087998813390731, 0.83515998691320414, 0.84977998799085619, 0.83119998657703398, 0.8518399888277054, 0.84529998886585234, 0.85879998856782913, 0.85431998789310459, 0.83965998780727391, 0.84651998817920682, 0.84511998814344402, 0.84649998956918715, 0.84687998920679097, 0.85695999217033392, 0.84931998771429063, 0.85941999059915541, 0.8530399876236916, 0.84935998785495759, 0.86723999267816543, 0.84919998866319657, 0.85011998909711839, 0.86401999014616016, 0.85891998928785329, 0.84647998881340025, 0.83879998803138733, 0.85377998965978619, 0.85475999003648762, 0.86607999050617213, 0.85931999081373212, 0.8534799887537956, 0.86293999034166335, 0.862759989798069],