{"train_cost": [1.5165998694896698, 1.3086016451120377, 1.183998798429966, 1.1177833139896394, 1.0154398601651191, 0.94553393155336385, 0.88677506846189502, 0.86620529094338417, 0.83707319036126138, 0.78288233995437617, 0.73993838506937026, 0.72625175371766093, 0.74518380898237224, 0.72247715568542481, 0.6438788352310657, 0.64266217750310894, 0.63662296736240387, 0.62674756553769106, 0.61469573396444321, 0.61181028193235398, 0.58523775415122514, 0.60685090306401257, 0.57599709764122964, 0.50704929405450816, 0.57256241263449192, 0.55070970845222478, 0.52137131348252297, 0.54681978178024293, 0.53342317740619183, 0.52608976002037522, 0.54923674660921096, 0.49246088875830174, 0.53202255584299563, 0.4981018084734678, 0.50672264710068704, 0.55277674908936025, 0.56088936623930929, 0.46627785068750383, 0.51495774033665653, 0.49073903711140154, 0.48399911805987356, 0.47126478028297425, 0.46191034692525862, 0.47808606611192228, 0.48154804372787474, 0.46274500197172164, 0.43034677949547767, 0.51201665061712265, 0.45223657521605493, 0.44647842873632909, 0.4367760469317436, 0.47309301941096782, 0.48237062703073025, 0.47812414677441117, 0.44357346896827221, 0.4467080453336239, 0.47100279824435709, 0.47429713839292525, 0.46446788272261619, 0.41938676992058754, 0.43588567307591436, 0.50330964253842836, 0.44581100790947675, 0.48953304798901082, 0.45473879488557578, 0.41753572030365466, 0.45030077396333218, 0.44232065163552758, 0.44270463851094244, 0.45432948286831382, 0.43188500417768955, 0.48474993512034414, 0.42964908645302058, 0.42665514761209489, 0.48199373914301397, 0.47510512186586856, 0.43426866382360457, 0.43034421584010124, 0.47137392891943453, 0.48078492924571037, 0.49115501818060875, 0.4327534697800875, 0.45017729583382604, 0.45318178240954876, 0.43696964971721175, 0.43244668754935267, 0.44219524449110031, 0.43627718044817448, 0.4253947359472513, 0.4441232971549034, 0.45029524978995322, 0.3971580542474985, 0.45296345792710779, 0.44579216462373733, 0.42834072345495222, 0.43364581310749056, 0.44040656201541423, 0.48089479747414587, 0.43410075025260447, 0.42167620880901813], "test_acc": [0.46609998285770415, 0.53619998291134829, 0.59019998505711557, 0.60609998196363446, 0.63299998193979268, 0.65289998441934582, 0.67179998084902759, 0.67869998455047609, 0.68589998543262487, 0.70389998316764835, 0.72189998179674153, 0.71659998536109926, 0.71269998401403423, 0.71779998451471327, 0.74249998509883886, 0.74539998173713684, 0.73799998402595524, 0.74829998344182969, 0.7443999826908112, 0.7499999833106995, 0.74999998629093168, 0.7499999833106995, 0.75689998537302017, 0.77489998370409008, 0.75699998140335079, 0.75989998430013661, 0.76419998615980145, 0.75829998314380642, 0.75939998239278794, 0.76409998506307597, 0.76209998577833171, 0.77479998499155045, 0.76509998112916944, 0.76899998545646664, 0.77079998612403866, 0.75649998396635054, 0.7539999875426292, 0.77639998346567152, 0.76959998071193692, 0.77769998550415043, 0.77529999047517772, 0.77589998453855513, 0.77319998651742938, 0.77449998259544373, 0.7764999854564667, 0.78519998610019681, 0.78469998210668568, 0.76669998139142992, 0.78279998362064362, 0.78769998282194142, 0.78759998351335525, 0.77829998344182971, 0.77299998432397843, 0.77359998404979702, 0.78629998356103892, 0.78999998033046726, 0.7775999811291695, 0.7736999851465225, 0.77939998537302013, 0.78749998301267621, 0.7895999801158905, 0.76839997947216032, 0.78209998220205312, 0.77289998352527622, 0.77599998235702516, 0.79469998329877856, 0.78149998754262928, 0.78139998495578766, 0.77809998691082005, 0.77569998383522032, 0.78789998501539227, 0.77509998559951787, 0.7838999822735786, 0.78839998513460163, 0.76919998407363888, 0.77159998416900633, 0.77909998178482054, 0.78569998323917389, 0.76999998629093169, 0.77719998627901077, 0.77689998537302019, 0.7856999841332436, 0.78569998174905775, 0.77349998712539669, 0.78399998515844349, 0.78769998520612716, 0.78029998183250426, 0.78479997873306273, 0.78479998528957362, 0.78559998571872713, 0.78179998517036442, 0.7934999844431877, 0.78019998162984849, 0.78259998321533208, 0.79149998426437373, 0.78239998459815974, 0.78749998450279235, 0.77329998344182971, 0.78779998570680621, 0.78859998166561129], "train_accuracy": [0.44573998531699183, 0.52721998316049579, 0.58203998088836673, 0.60709998187422753, 0.63615998411178587, 0.66613998398184782, 0.6860199849009514, 0.69037998282909396, 0.70935998427867886, 0.72669998440146444, 0.74325998389720915, 0.74127998393774031, 0.74149998509883885, 0.74657998460531239, 0.77603998452425005, 0.77761998492479323, 0.77749998408555987, 0.78327998667955401, 0.78521998447179797, 0.78977998483181, 0.79543998408317562, 0.78717998325824734, 0.79835998338460923, 0.82347998636960984, 0.80093998509645459, 0.80947998470067983, 0.8172599853277206, 0.81025998526811605, 0.81329998642206192, 0.8155999865531921, 0.80905998563766479, 0.83093998479843134, 0.81483998471498487, 0.82711998605728154, 0.82353998577594756, 0.8044799843430519, 0.80391998648643492, 0.83759998792409895, 0.81849998676776881, 0.82925998640060428, 0.83015998804569247, 0.83599998712539669, 0.84037998843193051, 0.83453998565673826, 0.83105998849868778, 0.84105998682975769, 0.8491399902105331, 0.8233199867010117, 0.8438799889087677, 0.84693998903036116, 0.84863998788595196, 0.83541998654603955, 0.83297998690605168, 0.83679998451471327, 0.84609998655319218, 0.84511998963356016, 0.83749998563528061, 0.83717998820543293, 0.83973998999595645, 0.85377998745441441, 0.84933998638391495, 0.82485998558998108, 0.84553998899459837, 0.83053998768329618, 0.84179999023675922, 0.8545199887156486, 0.84337998604774478, 0.8464799879789352, 0.84735998946428304, 0.84159998822212223, 0.85205998831987384, 0.83155998730659486, 0.85105998951196671, 0.85275998985767365, 0.83237998777627942, 0.83897998684644703, 0.85281998932361602, 0.84969998860359197, 0.83497998577356336, 0.83383998697996142, 0.82709998738765722, 0.85085998904705051, 0.84377998858690262, 0.84263999098539355, 0.85229998999834056, 0.85069998919963841, 0.84833998817205425, 0.84977998793125153, 0.85413998943567271, 0.84875999003648761, 0.84459998738765718, 0.86017999047040938, 0.84327998775243762, 0.84819998967647547, 0.85375998920202256, 0.85125998812913894, 0.84675998830795285, 0.83683998745679855, 0.85083998835086827, 0.85347998857498164],