{"train_cost": [1.276120492696762, 1.0334231413602828, 0.85593133848905567, 0.78056862676143646, 0.69151839488744737, 0.64166399684548381, 0.58487479431927203, 0.49818789695948362, 0.47610501483082773, 0.43815208169817926, 0.38691343837976455, 0.4132324105501175, 0.34256572184711692, 0.33100972562283276, 0.31259056703001259, 0.29680010219663383, 0.27812756497040392, 0.26077603774145247, 0.28897630645334721, 0.27111115182191131, 0.25148432751372457, 0.24785077610984443, 0.21269888653233648, 0.21629181632772088, 0.19580099023133515, 0.17696825546398759, 0.17346765676513315, 0.17232775016315283, 0.21229996991530062, 0.15774043189734221, 0.17652676091156899, 0.15790392913296819, 0.17483367755264043, 0.15307950893416999, 0.15900615456327796, 0.15053699298202991, 0.14380481466837228, 0.14128496429603546, 0.13228517843410373, 0.13878633347153663, 0.1223534259852022, 0.13094337180256843, 0.11839429716859012, 0.12879939604736865, 0.12431739339977503, 0.10761455591768027, 0.10747777390386909, 0.13139779026899487, 0.14285255739092828, 0.12008201122563332, 0.1248429039795883, 0.12750860181264578, 0.11708729551034049, 0.10837770864600316, 0.09153300098516047, 0.11616998693719506, 0.12835407208278776, 0.12083637021435424, 0.11054101659916342, 0.10403300706949085, 0.089615827072993856, 0.10643739842693321, 0.11414767481433227, 0.11483306530769914, 0.12691597519861533, 0.11849309075530619, 0.10169926498597488, 0.10465016364678741, 0.095529919420834636, 0.13629496884113176, 0.091953004289185625, 0.11961192431207747, 0.092019450799678451, 0.086825811491347854, 0.085237300924723966, 0.093585891377180819, 0.098857235979288818, 0.089602570845279839, 0.11226953598344698, 0.13109279550099745, 0.086703148367116234, 0.10078016100940294, 0.12369231079379096, 0.10482641753880308, 0.1075171026251046, 0.10352035239711403, 0.11857300420524552, 0.12602330250758678, 0.10001527839526535, 0.12137279644561931, 0.097667270781006663, 0.099576718823518609, 0.092213818574789913, 0.099337106866762045, 0.085881361125968392, 0.10277745463023893, 0.083947921804618089, 0.098779535965295512, 0.089486495601478963, 0.109470925941132], "test_acc": [0.54849998235702513, 0.62229998394846919, 0.6672999851405621, 0.68709998503327374, 0.71319998621940617, 0.72339998394250871, 0.73569998651742941, 0.75269998401403426, 0.74829998522996899, 0.75689998507499689, 0.75979998707771301, 0.75739998638629913, 0.77089998453855513, 0.77299998283386229, 0.77169998198747636, 0.78029998362064357, 0.7788999831676483, 0.77419998526573186, 0.77179998278617856, 0.77589998632669444, 0.77289998590946196, 0.77989998400211336, 0.78299998551607131, 0.78319998294115067, 0.77779998272657391, 0.78519998461008067, 0.78459998220205307, 0.78519998639822008, 0.77199998825788496, 0.78979998081922531, 0.78559998333454129, 0.78759998440742496, 0.77699998527765279, 0.78339998900890351, 0.78499998509883884, 0.78219998568296434, 0.7870999851822853, 0.78409998536109926, 0.79319998353719712, 0.78499998241662983, 0.7942999830842018, 0.78489998847246167, 0.79059998571872714, 0.79089998364448544, 0.78839998573064807, 0.79509998410940175, 0.79089998394250871, 0.77959998488426208, 0.78489998340606693, 0.7877999791502952, 0.78459998458623881, 0.78279998153448105, 0.79219998568296435, 0.78889998197555544, 0.78769998311996459, 0.78589997977018355, 0.7808999839425087, 0.78009998172521589, 0.78539998412132261, 0.78839998275041578, 0.79339998394250866, 0.78599998056888576, 0.7738999831676483, 0.78149998515844343, 0.77789998590946197, 0.77799998670816417, 0.78229998350143437, 0.78529998451471328, 0.78929998248815536, 0.78389998644590375, 0.78769998759031301, 0.78169998675584795, 0.78939998477697371, 0.78469998538494112, 0.79059998571872714, 0.78409998178482054, 0.78539998352527618, 0.78539998501539232, 0.7893999829888344, 0.78039998680353162, 0.78779998838901522, 0.78269998550415043, 0.78389998644590375, 0.79079998344182967, 0.77879998564720154, 0.79309998631477352, 0.77959998428821564, 0.77899998515844349, 0.78599998623132705, 0.77879998326301569, 0.78819998383522039, 0.78649998784065245, 0.79019998729228969, 0.78769998937845231, 0.78749998450279235, 0.78179998934268946, 0.79549998581409453, 0.78499998629093171, 0.78799998223781587, 0.78589998692274099], "train_accuracy": [0.54705998203158379, 0.63171998322010037, 0.70061998331546782, 0.72843998411297795, 0.76125998431444164, 0.77789998453855513, 0.79791998618841176, 0.83163998740911482, 0.83955998778343199, 0.85325998789072033, 0.87253999161720275, 0.8599999911189079, 0.8898199943900108, 0.89105999445915218, 0.89605999588966367, 0.90273999726772314, 0.90765999686717991, 0.91149999684095384, 0.90417999726533893, 0.90943999755382543, 0.91713999891281128, 0.91915999895334244, 0.93157999813556669, 0.92925999999046327, 0.93520000046491625, 0.94241999965906142, 0.94308000129461289, 0.94439999860525137, 0.92691999787092205, 0.94906000101566312, 0.94267999881505971, 0.94826000082492823, 0.94372000116109844, 0.9527400001883507, 0.94652000075578691, 0.9500800021886826, 0.9540799988508224, 0.95347999942302708, 0.9575400021672249, 0.95522000086307524, 0.95986000096797941, 0.95620000153779983, 0.9610800004005432, 0.9560600004196167, 0.95842000049352649, 0.96639999926090236, 0.96410000026226039, 0.95538000106811527, 0.95352000099420553, 0.96004000103473663, 0.9588400024175644, 0.95678000199794766, 0.9613999997377396, 0.96454000031948095, 0.97036000168323522, 0.96185999935865407, 0.95766000074148183, 0.95960000228881837, 0.96247999948263163, 0.96616000044345851, 0.97120000106096271, 0.96480000096559526, 0.96224000197649007, 0.96228000122308732, 0.95829999965429302, 0.96038000106811527, 0.96713999962806707, 0.96646000111103059, 0.96806000095605849, 0.95397999918460841, 0.96911999928951265, 0.95960000103712084, 0.96896000045537944, 0.97055999964475637, 0.97206000018119809, 0.96892000085115437, 0.96776000136137008, 0.97008000034093855, 0.96334000039100642, 0.95634000098705296, 0.97134000009298327, 0.9672800008654594, 0.95808000254631043, 0.96532000017166142, 0.96512000232934947, 0.96588000142574315, 0.96081999856233602, 0.95950000065565111, 0.96764000111818316, 0.96011999982595442, 0.96882000142335889, 0.96844000095129013, 0.96916000014543535, 0.96684000104665757, 0.97225999969244004, 0.96727999925613406, 0.97280000072717665, 0.96836000001430511, 0.97119999766349796, 0.96359999948740005],